Timecode List:,00:00:19.267,00:00:27.183,00:00:35.067,00:00:41.767,00:00:51.367,00:00:53.033,00:00:57.500,00:01:03.400,00:01:11.850,00:01:12.817,00:01:13.900,00:01:16.100,00:01:18.917,00:01:20.067,00:01:22.300,00:01:24.433
Scene Number,Start Frame,Start Timecode,Start Time (seconds),End Frame,End Timecode,End Time (seconds),Length (frames),Length (timecode),Length (seconds)
1,1,00:00:00.000,0.000,1156,00:00:19.267,19.267,1156,00:00:19.267,19.267
2,1157,00:00:19.267,19.267,1631,00:00:27.183,27.183,475,00:00:07.917,7.917
3,1632,00:00:27.183,27.183,2104,00:00:35.067,35.067,473,00:00:07.883,7.883
4,2105,00:00:35.067,35.067,2506,00:00:41.767,41.767,402,00:00:06.700,6.700
5,2507,00:00:41.767,41.767,3082,00:00:51.367,51.367,576,00:00:09.600,9.600
6,3083,00:00:51.367,51.367,3182,00:00:53.033,53.033,100,00:00:01.667,1.667
7,3183,00:00:53.033,53.033,3450,00:00:57.500,57.500,268,00:00:04.467,4.467
8,3451,00:00:57.500,57.500,3804,00:01:03.400,63.400,354,00:00:05.900,5.900
9,3805,00:01:03.400,63.400,4311,00:01:11.850,71.850,507,00:00:08.450,8.450
10,4312,00:01:11.850,71.850,4369,00:01:12.817,72.817,58,00:00:00.967,0.967
11,4370,00:01:12.817,72.817,4434,00:01:13.900,73.900,65,00:00:01.083,1.083
12,4435,00:01:13.900,73.900,4566,00:01:16.100,76.100,132,00:00:02.200,2.200
13,4567,00:01:16.100,76.100,4735,00:01:18.917,78.917,169,00:00:02.817,2.817
14,4736,00:01:18.917,78.917,4804,00:01:20.067,80.067,69,00:00:01.150,1.150
15,4805,00:01:20.067,80.067,4938,00:01:22.300,82.300,134,00:00:02.233,2.233
16,4939,00:01:22.300,82.300,5066,00:01:24.433,84.433,128,00:00:02.133,2.133
17,5067,00:01:24.433,84.433,5400,00:01:30.000,90.000,334,00:00:05.567,5.567
